<?xml version="1.0" encoding="UTF-8"?>
<!DOCTYPE hibernate-mapping PUBLIC  
 "-//Hibernate/Hibernate Mapping DTD 5.3//EN"  
 "http://hibernate.sourceforge.net/hibernate-mapping-5.3.dtd">  
  
 <hibernate-mapping>  
  <class name="com.tr.Employee" table="employee31">  
    <id name="eid">  
     <generator class="native"></generator>  
    </id>  
            
    <property name="name"  column = "name" type = "string"></property>  
    <property name="job"  column = "designation" type = "string"></property>  
    <property name="salary"  column = "salary" type = "double"></property> 
    <property name="address"  column = "address" type = "string"></property> 
    <property name="deptno"  column = "deptno" type = "int"></property> 
            
  </class>  
            
 </hibernate-mapping>  